{
		"ShortResultText":"OK",
        "Restaurants": [
        {
            "Id": 11245,
            "Name": "Barbican Express Pizza",
            "Address": {
                "FirstLine": "131 Whitecross Street",
                "City": "London",
                "Postcode": "EC1Y 8JL",
                "Latitude": 51.5233,
                "Longitude": -0.093295
            },
            "DefaultDisplayRank": 0,
            "SeoName": "barbicanexpresspizza",
            "LogoUrl": "http://d30v2pzvrfyzpo.cloudfront.net/uk/images/restaurants/11245.gif",
            "IsCollection": true,
            "IsDelivery": true,
            "Cuisines": [
                {
                    "Name": "Italian",
                    "SeoName": "italian"
                },
                {
                    "Name": "Pizza",
                    "SeoName": "pizza"
                }
            ],
            "OpeningTime": "0001-01-01T00:00:00Z",
            "DriveDistance": 1.2,
            "DriveInfoCalculated": true,
            "DeliveryCost": 0,
            "MinimumDeliveryValue": 10,
            "IsNew": false,
            "RatingDetails": {
                "Count": 512,
                "StarRating": 5
            },
            "OfferPercent": 0
        },
        {
            "Id": 42856,
            "Name": "O' My Sushi",
            "Address": {
                "FirstLine": "21 Clerkenwell Road",
                "City": "London",
                "Postcode": "EC1M 5RD",
                "Latitude": 51.52251,
                "Longitude": -0.101674
            },
            "DefaultDisplayRank": 1,
            "SeoName": "omysushi-ec1m",
            "LogoUrl": "http://d30v2pzvrfyzpo.cloudfront.net/uk/images/restaurants/42856.gif",
            "IsCollection": false,
            "IsDelivery": true,
            "Cuisines": [
                {
                    "Name": "Japanese",
                    "SeoName": "japanese"
                },
                {
                    "Name": "Sushi",
                    "SeoName": "sushi"
                }
            ],
            "OpeningTime": "0001-01-01T00:00:00Z",
            "DriveDistance": 0.8,
            "DriveInfoCalculated": true,
            "DeliveryCost": 0,
            "MinimumDeliveryValue": 14,
            "IsNew": false,
            "RatingDetails": {
                "Count": 103,
                "StarRating": 5
            },
            "OfferPercent": 20
        },
        {
            "Id": 52759,
            "Name": "Wok Away @ Noodle Express",
            "Address": {
                "FirstLine": "6-7 Albemarle Way",
                "City": "London",
                "Postcode": "EC1V 4JB",
                "Latitude": 51.522824,
                "Longitude": -0.102785
            },
            "DefaultDisplayRank": 2,
            "SeoName": "wok-away--noodle-express-finsbury",
            "LogoUrl": "http://d30v2pzvrfyzpo.cloudfront.net/uk/images/restaurants/52759.gif",
            "IsCollection": true,
            "IsDelivery": true,
            "Cuisines": [
                {
                    "Name": "Chinese",
                    "SeoName": "chinese"
                },
                {
                    "Name": "Oriental",
                    "SeoName": "oriental"
                }
            ],
            "OpeningTime": "0001-01-01T00:00:00Z",
            "DriveDistance": 1.4,
            "DriveInfoCalculated": true,
            "DeliveryCost": 0,
            "MinimumDeliveryValue": 15,
            "IsNew": true,
            "RatingDetails": {
                "Count": 3,
                "StarRating": 6
            },
            "OfferPercent": 0
        },
        {
            "Id": 52391,
            "Name": "Hello Sushi @ N1 Grill",
            "Address": {
                "FirstLine": "6 Chapel Market",
                "City": "London",
                "Postcode": "N1 9EZ",
                "Latitude": 51.533552,
                "Longitude": -0.109981
            },
            "DefaultDisplayRank": 3,
            "SeoName": "hello-sushi-n1",
            "LogoUrl": "http://d30v2pzvrfyzpo.cloudfront.net/uk/images/restaurants/52391.gif",
            "IsCollection": false,
            "IsDelivery": true,
            "Cuisines": [
                {
                    "Name": "Japanese",
                    "SeoName": "japanese"
                },
                {
                    "Name": "Sushi",
                    "SeoName": "sushi"
                }
            ],
            "OpeningTime": "0001-01-01T00:00:00Z",
            "DriveDistance": 2,
            "DriveInfoCalculated": true,
            "DeliveryCost": 0,
            "MinimumDeliveryValue": 15,
            "IsNew": true,
            "RatingDetails": {
                "Count": 31,
                "StarRating": 5
            },
            "OfferPercent": 0
        },
        {
            "Id": 52229,
            "Name": "Oriental House",
            "Address": {
                "FirstLine": "196 Hackney Road",
                "City": "London",
                "Postcode": "E2 7QL",
                "Latitude": 51.530519,
                "Longitude": -0.07278
            },
            "DefaultDisplayRank": 4,
            "SeoName": "oriental-house-bethnal-green",
            "LogoUrl": "http://d30v2pzvrfyzpo.cloudfront.net/uk/images/restaurants/52229.gif",
            "IsCollection": true,
            "IsDelivery": true,
            "Cuisines": [
                {
                    "Name": "Chinese",
                    "SeoName": "chinese"
                },
                {
                    "Name": "Thai",
                    "SeoName": "thai"
                }
            ],
            "OpeningTime": "0001-01-01T00:00:00Z",
            "DriveDistance": 2.6,
            "DriveInfoCalculated": true,
            "DeliveryCost": 0,
            "MinimumDeliveryValue": 15,
            "IsNew": true,
            "RatingDetails": {
                "Count": 139,
                "StarRating": 5
            },
            "OfferPercent": 0
        },
        {
            "Id": 52512,
            "Name": "Magic Wok Original @ N1 Grill",
            "Address": {
                "FirstLine": "6 Chapel Market",
                "City": "London City",
                "Postcode": "N1 9EZ",
                "Latitude": 51.533552,
                "Longitude": -0.109981
            },
            "DefaultDisplayRank": 5,
            "SeoName": "magic-wok-original-new-islington",
            "LogoUrl": "http://d30v2pzvrfyzpo.cloudfront.net/uk/images/restaurants/52512.gif",
            "IsCollection": false,
            "IsDelivery": true,
            "Cuisines": [
                {
                    "Name": "Chinese",
                    "SeoName": "chinese"
                },
                {
                    "Name": "Oriental",
                    "SeoName": "oriental"
                }
            ],
            "OpeningTime": "0001-01-01T00:00:00Z",
            "DriveDistance": 2,
            "DriveInfoCalculated": true,
            "DeliveryCost": 0,
            "MinimumDeliveryValue": 13,
            "IsNew": true,
            "RatingDetails": {
                "Count": 16,
                "StarRating": 4
            },
            "OfferPercent": 0
        },
        {
            "Id": 52683,
            "Name": "Cafe La Maison",
            "Address": {
                "FirstLine": "26-28 Brick Lane",
                "City": "London",
                "Postcode": "E1 6RF",
                "Latitude": 51.518025,
                "Longitude": -0.070987
            },
            "DefaultDisplayRank": 6,
            "SeoName": "cafe-la-maison-aldgate",
            "LogoUrl": "http://d30v2pzvrfyzpo.cloudfront.net/uk/images/restaurants/52683.gif",
            "IsCollection": true,
            "IsDelivery": true,
            "Cuisines": [
                {
                    "Name": "Desserts",
                    "SeoName": "desserts"
                },
                {
                    "Name": "Sandwiches",
                    "SeoName": "sandwiches"
                }
            ],
            "OpeningTime": "0001-01-01T00:00:00Z",
            "DriveDistance": 2.2,
            "DriveInfoCalculated": true,
            "DeliveryCost": 0,
            "MinimumDeliveryValue": 20,
            "IsNew": true,
            "RatingDetails": {
                "Count": 0,
                "StarRating": 0
            },
            "OfferPercent": 0
        },
        {
            "Id": 25162,
            "Name": "Kenza Restaurant & Lounge",
            "Address": {
                "FirstLine": "10 Devonshire Square",
                "City": "London",
                "Postcode": "EC2M 4YP",
                "Latitude": 51.516582,
                "Longitude": -0.078355
            },
            "DefaultDisplayRank": 7,
            "SeoName": "kenza-ec2m",
            "LogoUrl": "http://d30v2pzvrfyzpo.cloudfront.net/uk/images/restaurants/25162.gif",
            "IsCollection": true,
            "IsDelivery": true,
            "Cuisines": [
                {
                    "Name": "Lebanese",
                    "SeoName": "lebanese"
                },
                {
                    "Name": "Moroccan",
                    "SeoName": "Moroccan"
                }
            ],
            "OpeningTime": "2015-07-13T17:00:00Z",
            "DriveDistance": 1.2,
            "DriveInfoCalculated": true,
            "DeliveryCost": 2,
            "MinimumDeliveryValue": 20,
            "IsNew": false,
            "RatingDetails": {
                "Count": 49,
                "StarRating": 5
            },
            "OfferPercent": 0
        },
        {
            "Id": 47857,
            "Name": "Pronto",
            "Address": {
                "FirstLine": "Unit M 100 Greenfield Road",
                "City": "London",
                "Postcode": "E1 1EJ",
                "Latitude": 51.516066,
                "Longitude": -0.065607
            },
            "DefaultDisplayRank": 8,
            "SeoName": "pronto-e1",
            "LogoUrl": "http://d30v2pzvrfyzpo.cloudfront.net/uk/images/restaurants/47857.gif",
            "IsCollection": false,
            "IsDelivery": true,
            "Cuisines": [
                {
                    "Name": "Healthy",
                    "SeoName": "healthy"
                },
                {
                    "Name": "Italian",
                    "SeoName": "italian"
                }
            ],
            "OpeningTime": "0001-01-01T00:00:00Z",
            "DriveDistance": 2.2,
            "DriveInfoCalculated": true,
            "DeliveryCost": 0,
            "MinimumDeliveryValue": 0,
            "IsNew": false,
            "RatingDetails": {
                "Count": 184,
                "StarRating": 5.5
            },
            "OfferPercent": 20
        },
        {
            "Id": 20603,
            "Name": "Chamisse Lebanese Restaurant & Grill",
            "Address": {
                "FirstLine": "55 Grays Inn Road",
                "City": "London",
                "Postcode": "WC1X 8PP",
                "Latitude": 51.522053,
                "Longitude": -0.114061
            },
            "DefaultDisplayRank": 9,
            "SeoName": "chamisse-wc1x",
            "LogoUrl": "http://d30v2pzvrfyzpo.cloudfront.net/uk/images/restaurants/20603.gif",
            "IsCollection": true,
            "IsDelivery": true,
            "Cuisines": [
                {
                    "Name": "Lebanese",
                    "SeoName": "lebanese"
                },
                {
                    "Name": "Middle Eastern",
                    "SeoName": "middle-eastern"
                }
            ],
            "OpeningTime": "0001-01-01T00:00:00Z",
            "DriveDistance": 1.2,
            "DriveInfoCalculated": true,
            "DeliveryCost": 0,
            "MinimumDeliveryValue": 15,
            "IsNew": false,
            "RatingDetails": {
                "Count": 386,
                "StarRating": 5
            },
            "OfferPercent": 0
        },
        {
            "Id": 32192,
            "Name": "Royal Kitchen",
            "Address": {
                "FirstLine": "54 Aldgate High Street",
                "City": "London",
                "Postcode": "EC3N 1AL",
                "Latitude": 51.514089,
                "Longitude": -0.074413
            },
            "DefaultDisplayRank": 10,
            "SeoName": "royalkitchen-ec3n",
            "LogoUrl": "http://d30v2pzvrfyzpo.cloudfront.net/uk/images/restaurants/32192.gif",
            "IsCollection": true,
            "IsDelivery": false,
            "Cuisines": [
                {
                    "Name": "Indian",
                    "SeoName": "indian"
                },
                {
                    "Name": "Peri Peri",
                    "SeoName": "peri-peri"
                }
            ],
            "OpeningTime": "2015-07-13T17:30:00Z",
            "DriveDistance": 1.3,
            "DriveInfoCalculated": true,
            "DeliveryCost": 0,
            "MinimumDeliveryValue": 0,
            "IsNew": false,
            "RatingDetails": {
                "Count": 22,
                "StarRating": 5.5
            },
            "OfferPercent": 0
        },
        {
            "Id": 51123,
            "Name": "Oishi Sushi",
            "Address": {
                "FirstLine": "106 Hoxton Street",
                "City": "London",
                "Postcode": "N1 6SG",
                "Latitude": 51.531024,
                "Longitude": -0.079999
            },
            "DefaultDisplayRank": 11,
            "SeoName": "oishi-sushi-islington",
            "LogoUrl": "http://d30v2pzvrfyzpo.cloudfront.net/uk/images/restaurants/51123.gif",
            "IsCollection": true,
            "IsDelivery": true,
            "Cuisines": [
                {
                    "Name": "Japanese",
                    "SeoName": "japanese"
                },
                {
                    "Name": "Sushi",
                    "SeoName": "sushi"
                }
            ],
            "OpeningTime": "0001-01-01T00:00:00Z",
            "DriveDistance": 2,
            "DriveInfoCalculated": true,
            "DeliveryCost": 0,
            "MinimumDeliveryValue": 15,
            "IsNew": false,
            "RatingDetails": {
                "Count": 431,
                "StarRating": 5.5
            },
            "OfferPercent": 25
        },
        {
            "Id": 34992,
            "Name": "Kitchen Dhaanya",
            "Address": {
                "FirstLine": "106 Hoxton Street",
                "City": "London",
                "Postcode": "N1 6SG",
                "Latitude": 51.531024,
                "Longitude": -0.079999
            },
            "DefaultDisplayRank": 12,
            "SeoName": "kitchendhanya-n1",
            "LogoUrl": "http://d30v2pzvrfyzpo.cloudfront.net/uk/images/restaurants/34992.gif",
            "IsCollection": true,
            "IsDelivery": true,
            "Cuisines": [
                {
                    "Name": "Indian",
                    "SeoName": "indian"
                },
                {
                    "Name": "Bangladeshi",
                    "SeoName": "bangladeshi"
                }
            ],
            "OpeningTime": "0001-01-01T00:00:00Z",
            "DriveDistance": 2,
            "DriveInfoCalculated": true,
            "DeliveryCost": 0,
            "MinimumDeliveryValue": 15,
            "IsNew": false,
            "RatingDetails": {
                "Count": 489,
                "StarRating": 5
            },
            "OfferPercent": 30
        },
        {
            "Id": 776,
            "Name": "Best American Pizza",
            "Address": {
                "FirstLine": "16A Pitfield Street",
                "City": "Hackney",
                "Postcode": "N1 6EY",
                "Latitude": 51.527134,
                "Longitude": -0.083536
            },
            "DefaultDisplayRank": 13,
            "SeoName": "bestamerican",
            "LogoUrl": "http://d30v2pzvrfyzpo.cloudfront.net/uk/images/restaurants/776.gif",
            "IsCollection": true,
            "IsDelivery": true,
            "Cuisines": [
                {
                    "Name": "Italian",
                    "SeoName": "italian"
                },
                {
                    "Name": "Pizza",
                    "SeoName": "pizza"
                }
            ],
            "OpeningTime": "0001-01-01T00:00:00Z",
            "DriveDistance": 2,
            "DriveInfoCalculated": true,
            "DeliveryCost": 0,
            "MinimumDeliveryValue": 10,
            "IsNew": false,
            "RatingDetails": {
                "Count": 898,
                "StarRating": 5
            },
            "OfferPercent": 0
        },
        {
            "Id": 12171,
            "Name": "Fusion Grill",
            "Address": {
                "FirstLine": "233 Waterloo Road",
                "City": "London",
                "Postcode": "SE1 8XH",
                "Latitude": 51.499694,
                "Longitude": -0.106587
            },
            "DefaultDisplayRank": 14,
            "SeoName": "perfect-fried-chiken-se1",
            "LogoUrl": "http://d30v2pzvrfyzpo.cloudfront.net/uk/images/restaurants/12171.gif",
            "IsCollection": true,
            "IsDelivery": false,
            "Cuisines": [
                {
                    "Name": "Kebab",
                    "SeoName": "kebabs"
                },
                {
                    "Name": "Grill",
                    "SeoName": "grill"
                }
            ],
            "OpeningTime": "2015-07-13T16:00:00Z",
            "DriveDistance": 2,
            "DriveInfoCalculated": true,
            "DeliveryCost": 0,
            "MinimumDeliveryValue": 12,
            "IsNew": false,
            "RatingDetails": {
                "Count": 121,
                "StarRating": 4.5
            },
            "OfferPercent": 20
        },
        {
            "Id": 39247,
            "Name": "Kennington Tandoori",
            "Address": {
                "FirstLine": "313 Kennington Road",
                "City": "London",
                "Postcode": "SE11 4QE",
                "Latitude": 51.487615,
                "Longitude": -0.110904
            },
            "DefaultDisplayRank": 15,
            "SeoName": "kenningtontandoori-se11",
            "LogoUrl": "http://d30v2pzvrfyzpo.cloudfront.net/uk/images/restaurants/39247.gif",
            "IsCollection": true,
            "IsDelivery": true,
            "Cuisines": [
                {
                    "Name": "Indian",
                    "SeoName": "indian"
                },
                {
                    "Name": "Grill",
                    "SeoName": "grill"
                }
            ],
            "OpeningTime": "0001-01-01T00:00:00Z",
            "DriveDistance": 2.4,
            "DriveInfoCalculated": true,
            "DeliveryCost": 0,
            "MinimumDeliveryValue": 15,
            "IsNew": false,
            "RatingDetails": {
                "Count": 281,
                "StarRating": 5
            },
            "OfferPercent": 0
        },
        {
            "Id": 19789,
            "Name": "After Taste",
            "Address": {
                "FirstLine": "97 Newington Butts",
                "City": "Elephant & Castle",
                "Postcode": "SE1 6SF",
                "Latitude": 51.492601,
                "Longitude": -0.100612
            },
            "DefaultDisplayRank": 16,
            "SeoName": "aftertastesw6",
            "LogoUrl": "http://d30v2pzvrfyzpo.cloudfront.net/uk/images/restaurants/19789.gif",
            "IsCollection": true,
            "IsDelivery": false,
            "Cuisines": [
                {
                    "Name": "Chinese",
                    "SeoName": "chinese"
                }
            ],
            "OpeningTime": "2015-07-13T16:00:00Z",
            "DriveDistance": 2,
            "DriveInfoCalculated": true,
            "DeliveryCost": 0,
            "MinimumDeliveryValue": 12,
            "IsNew": false,
            "RatingDetails": {
                "Count": 246,
                "StarRating": 5
            },
            "OfferPercent": 0
        },
        {
            "Id": 13047,
            "Name": "Takari",
            "Address": {
                "FirstLine": "22 Drury Lane, Covent Garden",
                "City": "London",
                "Postcode": "WC2B 5RH",
                "Latitude": 51.515006,
                "Longitude": -0.123218
            },
            "DefaultDisplayRank": 17,
            "SeoName": "takariwc2b",
            "LogoUrl": "http://d30v2pzvrfyzpo.cloudfront.net/uk/images/restaurants/13047.gif",
            "IsCollection": true,
            "IsDelivery": false,
            "Cuisines": [
                {
                    "Name": "Indian",
                    "SeoName": "indian"
                },
                {
                    "Name": "Curry",
                    "SeoName": "curry"
                }
            ],
            "OpeningTime": "2015-07-13T16:00:00Z",
            "DriveDistance": 1.1,
            "DriveInfoCalculated": true,
            "DeliveryCost": 0,
            "MinimumDeliveryValue": 15,
            "IsNew": false,
            "RatingDetails": {
                "Count": 395,
                "StarRating": 5
            },
            "OfferPercent": 25
        },
        {
            "Id": 19798,
            "Name": "The Sushi Chef",
            "Address": {
                "FirstLine": "1 Kennington Lane",
                "City": "London",
                "Postcode": "SE11 4RG",
                "Latitude": 51.491138,
                "Longitude": -0.103527
            },
            "DefaultDisplayRank": 18,
            "SeoName": "thesushichefse11",
            "LogoUrl": "http://d30v2pzvrfyzpo.cloudfront.net/uk/images/restaurants/19798.gif",
            "IsCollection": true,
            "IsDelivery": true,
            "Cuisines": [
                {
                    "Name": "Japanese",
                    "SeoName": "japanese"
                },
                {
                    "Name": "Sushi",
                    "SeoName": "sushi"
                }
            ],
            "OpeningTime": "0001-01-01T00:00:00Z",
            "DriveDistance": 2.4,
            "DriveInfoCalculated": true,
            "DeliveryCost": 2.5,
            "MinimumDeliveryValue": 25,
            "IsNew": false,
            "RatingDetails": {
                "Count": 204,
                "StarRating": 5
            },
            "OfferPercent": 0
        },
        {
            "Id": 41413,
            "Name": "Naha Sushi",
            "Address": {
                "FirstLine": "62 Cleveland Way",
                "City": "London",
                "Postcode": "E1 4UF",
                "Latitude": 51.522144,
                "Longitude": -0.053056
            },
            "DefaultDisplayRank": 19,
            "SeoName": "nahasushi-e1",
            "LogoUrl": "http://d30v2pzvrfyzpo.cloudfront.net/uk/images/restaurants/41413.gif",
            "IsCollection": true,
            "IsDelivery": true,
            "Cuisines": [
                {
                    "Name": "Sushi",
                    "SeoName": "sushi"
                },
                {
                    "Name": "Japanese",
                    "SeoName": "japanese"
                }
            ],
            "OpeningTime": "0001-01-01T00:00:00Z",
            "DriveDistance": 2.2,
            "DriveInfoCalculated": true,
            "DeliveryCost": 0,
            "MinimumDeliveryValue": 14,
            "IsNew": false,
            "RatingDetails": {
                "Count": 619,
                "StarRating": 5
            },
            "OfferPercent": 0
        },
        {
            "Id": 18130,
            "Name": "You Me Sushi",
            "Address": {
                "FirstLine": "180 Grays Inn Road",
                "City": "London",
                "Postcode": "WC1X 8EW",
                "Latitude": 51.522945,
                "Longitude": -0.114142
            },
            "DefaultDisplayRank": 20,
            "SeoName": "YouMeSushiwc1x",
            "LogoUrl": "http://d30v2pzvrfyzpo.cloudfront.net/uk/images/restaurants/18130.gif",
            "IsCollection": true,
            "IsDelivery": true,
            "Cuisines": [
                {
                    "Name": "Japanese",
                    "SeoName": "japanese"
                },
                {
                    "Name": "Sushi",
                    "SeoName": "sushi"
                }
            ],
            "OpeningTime": "0001-01-01T00:00:00Z",
            "DriveDistance": 1.2,
            "DriveInfoCalculated": true,
            "DeliveryCost": 0,
            "MinimumDeliveryValue": 0,
            "IsNew": false,
            "RatingDetails": {
                "Count": 166,
                "StarRating": 4.5
            },
            "OfferPercent": 0
        },
        {
            "Id": 5569,
            "Name": "Hiba Lebanese Restaurant",
            "Address": {
                "FirstLine": "113 High Holborn",
                "City": "London",
                "Postcode": "WC1V 6JQ",
                "Latitude": 51.517856,
                "Longitude": -0.119829
            },
            "DefaultDisplayRank": 21,
            "SeoName": "hiba-lebanese-southwark",
            "LogoUrl": "http://d30v2pzvrfyzpo.cloudfront.net/uk/images/restaurants/5569.gif",
            "IsCollection": true,
            "IsDelivery": true,
            "Cuisines": [
                {
                    "Name": "Lebanese",
                    "SeoName": "lebanese"
                }
            ],
            "OpeningTime": "0001-01-01T00:00:00Z",
            "DriveDistance": 1,
            "DriveInfoCalculated": true,
            "DeliveryCost": 0,
            "MinimumDeliveryValue": 15,
            "IsNew": false,
            "RatingDetails": {
                "Count": 222,
                "StarRating": 4.5
            },
            "OfferPercent": 0
        },
        {
            "Id": 5377,
            "Name": "Forno Pizza",
            "Address": {
                "FirstLine": "145-147 Lambeth Walk",
                "City": "Lambeth",
                "Postcode": "SE11 6EE",
                "Latitude": 51.492695,
                "Longitude": -0.116457
            },
            "DefaultDisplayRank": 22,
            "SeoName": "forno-pizza-lambeth",
            "LogoUrl": "http://d30v2pzvrfyzpo.cloudfront.net/uk/images/restaurants/5377.gif",
            "IsCollection": true,
            "IsDelivery": true,
            "Cuisines": [
                {
                    "Name": "Italian",
                    "SeoName": "italian"
                },
                {
                    "Name": "Pizza",
                    "SeoName": "pizza"
                }
            ],
            "OpeningTime": "0001-01-01T00:00:00Z",
            "DriveDistance": 2.4,
            "DriveInfoCalculated": true,
            "DeliveryCost": 0,
            "MinimumDeliveryValue": 8,
            "IsNew": false,
            "RatingDetails": {
                "Count": 623,
                "StarRating": 5
            },
            "OfferPercent": 0
        },
        {
            "Id": 777,
            "Name": "Kebab Land Fried Chicken",
            "Address": {
                "FirstLine": "16A Pitfield Street",
                "City": "London",
                "Postcode": "N1 6EY",
                "Latitude": 51.527134,
                "Longitude": -0.083536
            },
            "DefaultDisplayRank": 23,
            "SeoName": "kebabland-n1",
            "LogoUrl": "http://d30v2pzvrfyzpo.cloudfront.net/uk/images/restaurants/777.gif",
            "IsCollection": true,
            "IsDelivery": true,
            "Cuisines": [
                {
                    "Name": "Chicken",
                    "SeoName": "chicken"
                },
                {
                    "Name": "Kebab",
                    "SeoName": "kebabs"
                }
            ],
            "OpeningTime": "0001-01-01T00:00:00Z",
            "DriveDistance": 2,
            "DriveInfoCalculated": true,
            "DeliveryCost": 0,
            "MinimumDeliveryValue": 10,
            "IsNew": false,
            "RatingDetails": {
                "Count": 598,
                "StarRating": 4.5
            },
            "OfferPercent": 0
        },
        {
            "Id": 27687,
            "Name": "Papa Johns",
            "Address": {
                "FirstLine": "65 Farringdon Road",
                "City": "London",
                "Postcode": "EC1M 3JB",
                "Latitude": 51.520418,
                "Longitude": -0.106319
            },
            "DefaultDisplayRank": 24,
            "SeoName": "papajohns-ec1m",
            "LogoUrl": "http://d30v2pzvrfyzpo.cloudfront.net/uk/images/restaurants/27687.gif",
            "IsCollection": true,
            "IsDelivery": true,
            "Cuisines": [
                {
                    "Name": "Pizza",
                    "SeoName": "pizza"
                }
            ],
            "OpeningTime": "0001-01-01T00:00:00Z",
            "DriveDistance": 0.8,
            "DriveInfoCalculated": true,
            "DeliveryCost": 0,
            "MinimumDeliveryValue": 15,
            "IsNew": false,
            "RatingDetails": {
                "Count": 76,
                "StarRating": 4
            },
            "OfferPercent": 0
        },
        {
            "Id": 8598,
            "Name": "Adiva",
            "Address": {
                "FirstLine": "43a Commercial Street",
                "City": "London",
                "Postcode": "E1 6BD",
                "Latitude": 51.517654,
                "Longitude": -0.074116
            },
            "DefaultDisplayRank": 25,
            "SeoName": "adiva",
            "LogoUrl": "http://d30v2pzvrfyzpo.cloudfront.net/uk/images/restaurants/8598.gif",
            "IsCollection": true,
            "IsDelivery": true,
            "Cuisines": [
                {
                    "Name": "Turkish",
                    "SeoName": "turkish"
                },
                {
                    "Name": "Lebanese",
                    "SeoName": "lebanese"
                }
            ],
            "OpeningTime": "0001-01-01T00:00:00Z",
            "DriveDistance": 2.2,
            "DriveInfoCalculated": true,
            "DeliveryCost": 0,
            "MinimumDeliveryValue": 15,
            "IsNew": false,
            "RatingDetails": {
                "Count": 560,
                "StarRating": 5
            },
            "OfferPercent": 0
        },
        {
            "Id": 1257,
            "Name": "Neds Noodle Bar SE1",
            "Address": {
                "FirstLine": "3E Belvedere Road",
                "City": "London",
                "Postcode": "SE1 7GQ",
                "Latitude": 51.502246,
                "Longitude": -0.117605
            },
            "DefaultDisplayRank": 26,
            "SeoName": "nedsnoodlebarse1",
            "LogoUrl": "http://d30v2pzvrfyzpo.cloudfront.net/uk/images/restaurants/1257.gif",
            "IsCollection": true,
            "IsDelivery": true,
            "Cuisines": [
                {
                    "Name": "Chinese",
                    "SeoName": "chinese"
                },
                {
                    "Name": "Japanese",
                    "SeoName": "japanese"
                }
            ],
            "OpeningTime": "0001-01-01T00:00:00Z",
            "DriveDistance": 2,
            "DriveInfoCalculated": true,
            "DeliveryCost": 1,
            "MinimumDeliveryValue": 11,
            "IsNew": false,
            "RatingDetails": {
                "Count": 128,
                "StarRating": 4.5
            },
            "OfferPercent": 0
        },
        {
            "Id": 22548,
            "Name": "Tops Pizza",
            "Address": {
                "FirstLine": "86 Borough Road",
                "City": "London",
                "Postcode": "SE1 1DN",
                "Latitude": 51.499,
                "Longitude": -0.098692
            },
            "DefaultDisplayRank": 27,
            "SeoName": "topspizza-se1",
            "LogoUrl": "http://d30v2pzvrfyzpo.cloudfront.net/uk/images/restaurants/22548.gif",
            "IsCollection": true,
            "IsDelivery": true,
            "Cuisines": [
                {
                    "Name": "Pizza",
                    "SeoName": "pizza"
                }
            ],
            "OpeningTime": "0001-01-01T00:00:00Z",
            "DriveDistance": 2,
            "DriveInfoCalculated": true,
            "DeliveryCost": 0,
            "MinimumDeliveryValue": 9.99,
            "IsNew": false,
            "RatingDetails": {
                "Count": 65,
                "StarRating": 4.5
            },
            "OfferPercent": 0
        },
        {
            "Id": 51392,
            "Name": "Yummy Sushi",
            "Address": {
                "FirstLine": "48 Brick Lane",
                "City": "London",
                "Postcode": "E1 6RF",
                "Latitude": 51.518025,
                "Longitude": -0.070987
            },
            "DefaultDisplayRank": 28,
            "SeoName": "yummy-sushi-aldgate",
            "LogoUrl": "http://d30v2pzvrfyzpo.cloudfront.net/uk/images/restaurants/51392.gif",
            "IsCollection": true,
            "IsDelivery": true,
            "Cuisines": [
                {
                    "Name": "Sushi",
                    "SeoName": "sushi"
                },
                {
                    "Name": "Japanese",
                    "SeoName": "japanese"
                }
            ],
            "OpeningTime": "0001-01-01T00:00:00Z",
            "DriveDistance": 2.2,
            "DriveInfoCalculated": true,
            "DeliveryCost": 0,
            "MinimumDeliveryValue": 14,
            "IsNew": false,
            "RatingDetails": {
                "Count": 106,
                "StarRating": 5
            },
            "OfferPercent": 20
        },
        {
            "Id": 525,
            "Name": "Pizza 2 Go",
            "Address": {
                "FirstLine": "15 Tabard Street",
                "City": "London",
                "Postcode": "SE1 4LA",
                "Latitude": 51.500717,
                "Longitude": -0.091445
            },
            "DefaultDisplayRank": 29,
            "SeoName": "pizza2go",
            "LogoUrl": "http://d30v2pzvrfyzpo.cloudfront.net/uk/images/restaurants/525.gif",
            "IsCollection": true,
            "IsDelivery": true,
            "Cuisines": [
                {
                    "Name": "Italian",
                    "SeoName": "italian"
                },
                {
                    "Name": "Pizza",
                    "SeoName": "pizza"
                }
            ],
            "OpeningTime": "2015-07-13T16:00:00Z",
            "DriveDistance": 2,
            "DriveInfoCalculated": true,
            "DeliveryCost": 0,
            "MinimumDeliveryValue": 6,
            "IsNew": false,
            "RatingDetails": {
                "Count": 551,
                "StarRating": 4.5
            },
            "OfferPercent": 0
        },
        {
            "Id": 50185,
            "Name": "Shanghai Express @ ABACUS",
            "Address": {
                "FirstLine": "186 Hackney Road",
                "City": "London",
                "Postcode": "E2 7PA",
                "Latitude": 51.527796,
                "Longitude": -0.076184
            },
            "DefaultDisplayRank": 30,
            "SeoName": "shanghai-express--abacus-bethnal-green",
            "LogoUrl": "http://d30v2pzvrfyzpo.cloudfront.net/uk/images/restaurants/50185.gif",
            "IsCollection": false,
            "IsDelivery": true,
            "Cuisines": [
                {
                    "Name": "Chinese",
                    "SeoName": "chinese"
                },
                {
                    "Name": "Thai",
                    "SeoName": "thai"
                }
            ],
            "OpeningTime": "0001-01-01T00:00:00Z",
            "DriveDistance": 2.6,
            "DriveInfoCalculated": true,
            "DeliveryCost": 0,
            "MinimumDeliveryValue": 15,
            "IsNew": false,
            "RatingDetails": {
                "Count": 319,
                "StarRating": 5
            },
            "OfferPercent": 0
        },
        {
            "Id": 51352,
            "Name": "Jus Jerk",
            "Address": {
                "FirstLine": "66 Leather Lane",
                "City": "London",
                "Postcode": "EC1N 7TR",
                "Latitude": 51.520446,
                "Longitude": -0.109748
            },
            "DefaultDisplayRank": 31,
            "SeoName": "jus-jerk-london",
            "LogoUrl": "http://d30v2pzvrfyzpo.cloudfront.net/uk/images/restaurants/51352.gif",
            "IsCollection": false,
            "IsDelivery": true,
            "Cuisines": [
                {
                    "Name": "Chicken",
                    "SeoName": "chicken"
                },
                {
                    "Name": "Caribbean",
                    "SeoName": "caribbean"
                }
            ],
            "OpeningTime": "2015-07-13T16:00:00Z",
            "DriveDistance": 0.7,
            "DriveInfoCalculated": true,
            "DeliveryCost": 0,
            "MinimumDeliveryValue": 0,
            "IsNew": false,
            "RatingDetails": {
                "Count": 38,
                "StarRating": 4.5
            },
            "OfferPercent": 0
        },
        {
            "Id": 45540,
            "Name": "Masago Sushi",
            "Address": {
                "FirstLine": "78 Wentworth Street",
                "City": "London",
                "Postcode": "E1 7SA",
                "Latitude": 51.516996,
                "Longitude": -0.07184
            },
            "DefaultDisplayRank": 32,
            "SeoName": "masagosushi-e1",
            "LogoUrl": "http://d30v2pzvrfyzpo.cloudfront.net/uk/images/restaurants/45540.gif",
            "IsCollection": true,
            "IsDelivery": true,
            "Cuisines": [
                {
                    "Name": "Japanese",
                    "SeoName": "japanese"
                },
                {
                    "Name": "Sushi",
                    "SeoName": "sushi"
                }
            ],
            "OpeningTime": "0001-01-01T00:00:00Z",
            "DriveDistance": 2.2,
            "DriveInfoCalculated": true,
            "DeliveryCost": 0,
            "MinimumDeliveryValue": 15,
            "IsNew": false,
            "RatingDetails": {
                "Count": 58,
                "StarRating": 5
            },
            "OfferPercent": 0
        },
        {
            "Id": 15223,
            "Name": "Azka Turkish Meze",
            "Address": {
                "FirstLine": "269 Stepney Way",
                "City": "London",
                "Postcode": "E1 3DH",
                "Latitude": 51.516962,
                "Longitude": -0.046385
            },
            "DefaultDisplayRank": 33,
            "SeoName": "Azkaturkishmeze",
            "LogoUrl": "http://d30v2pzvrfyzpo.cloudfront.net/uk/images/restaurants/15223.gif",
            "IsCollection": true,
            "IsDelivery": true,
            "Cuisines": [
                {
                    "Name": "Turkish",
                    "SeoName": "turkish"
                },
                {
                    "Name": "Grill",
                    "SeoName": "grill"
                }
            ],
            "OpeningTime": "0001-01-01T00:00:00Z",
            "DriveDistance": 2.2,
            "DriveInfoCalculated": true,
            "DeliveryCost": 0,
            "MinimumDeliveryValue": 15,
            "IsNew": false,
            "RatingDetails": {
                "Count": 464,
                "StarRating": 5
            },
            "OfferPercent": 20
        },
        {
            "Id": 33291,
            "Name": "Leo's Lebanese Grill",
            "Address": {
                "FirstLine": "57 Baylis Road",
                "City": "London",
                "Postcode": "SE1 7AU",
                "Latitude": 51.500479,
                "Longitude": -0.110675
            },
            "DefaultDisplayRank": 34,
            "SeoName": "lebanesegrill-se1",
            "LogoUrl": "http://d30v2pzvrfyzpo.cloudfront.net/uk/images/restaurants/33291.gif",
            "IsCollection": true,
            "IsDelivery": true,
            "Cuisines": [
                {
                    "Name": "Lebanese",
                    "SeoName": "lebanese"
                },
                {
                    "Name": "Kebab",
                    "SeoName": "kebabs"
                }
            ],
            "OpeningTime": "0001-01-01T00:00:00Z",
            "DriveDistance": 2,
            "DriveInfoCalculated": true,
            "DeliveryCost": 0,
            "MinimumDeliveryValue": 15,
            "IsNew": false,
            "RatingDetails": {
                "Count": 296,
                "StarRating": 4.5
            },
            "OfferPercent": 20
        },
        {
            "Id": 21969,
            "Name": "US Way Pizza",
            "Address": {
                "FirstLine": "196 Hackney Road",
                "City": "London",
                "Postcode": "E2 7QL",
                "Latitude": 51.530509,
                "Longitude": -0.072754
            },
            "DefaultDisplayRank": 35,
            "SeoName": "uswaypizza-e2",
            "LogoUrl": "http://d30v2pzvrfyzpo.cloudfront.net/uk/images/restaurants/21969.gif",
            "IsCollection": true,
            "IsDelivery": true,
            "Cuisines": [
                {
                    "Name": "Pizza",
                    "SeoName": "pizza"
                },
                {
                    "Name": "Burgers",
                    "SeoName": "burgers"
                }
            ],
            "OpeningTime": "0001-01-01T00:00:00Z",
            "DriveDistance": 2.6,
            "DriveInfoCalculated": true,
            "DeliveryCost": 0,
            "MinimumDeliveryValue": 12,
            "IsNew": false,
            "RatingDetails": {
                "Count": 986,
                "StarRating": 5
            },
            "OfferPercent": 0
        },
        {
            "Id": 21278,
            "Name": "Oriental Garden",
            "Address": {
                "FirstLine": "113a Kennington Road",
                "City": "London",
                "Postcode": "SE11 6SF",
                "Latitude": 51.4942,
                "Longitude": -0.110488
            },
            "DefaultDisplayRank": 36,
            "SeoName": "orientalgarden-se11",
            "LogoUrl": "http://d30v2pzvrfyzpo.cloudfront.net/uk/images/restaurants/21278.gif",
            "IsCollection": true,
            "IsDelivery": true,
            "Cuisines": [
                {
                    "Name": "Chinese",
                    "SeoName": "chinese"
                }
            ],
            "OpeningTime": "0001-01-01T00:00:00Z",
            "DriveDistance": 2.4,
            "DriveInfoCalculated": true,
            "DeliveryCost": 0,
            "MinimumDeliveryValue": 10,
            "IsNew": false,
            "RatingDetails": {
                "Count": 386,
                "StarRating": 4.5
            },
            "OfferPercent": 20
        },
        {
            "Id": 25400,
            "Name": "Pepe's Piri Piri",
            "Address": {
                "FirstLine": "82-84 Brick Lane",
                "City": "London",
                "Postcode": "E1 6RL",
                "Latitude": 51.51952,
                "Longitude": -0.071647
            },
            "DefaultDisplayRank": 37,
            "SeoName": "pepsperiperi-e1",
            "LogoUrl": "http://d30v2pzvrfyzpo.cloudfront.net/uk/images/restaurants/25400.gif",
            "IsCollection": true,
            "IsDelivery": false,
            "Cuisines": [
                {
                    "Name": "Chicken",
                    "SeoName": "chicken"
                },
                {
                    "Name": "American",
                    "SeoName": "american"
                }
            ],
            "OpeningTime": "2015-07-13T16:00:00Z",
            "DriveDistance": 2.2,
            "DriveInfoCalculated": true,
            "DeliveryCost": 0,
            "MinimumDeliveryValue": 12,
            "IsNew": false,
            "RatingDetails": {
                "Count": 299,
                "StarRating": 4.5
            },
            "OfferPercent": 0
        },
        {
            "Id": 47815,
            "Name": "Yakitori-Ya",
            "Address": {
                "FirstLine": "120 Whitechapel Road",
                "City": "London",
                "Postcode": "E1 1JE",
                "Latitude": 51.517951,
                "Longitude": -0.063742
            },
            "DefaultDisplayRank": 38,
            "SeoName": "yakitori-e1",
            "LogoUrl": "http://d30v2pzvrfyzpo.cloudfront.net/uk/images/restaurants/47815.gif",
            "IsCollection": true,
            "IsDelivery": true,
            "Cuisines": [
                {
                    "Name": "Sushi",
                    "SeoName": "sushi"
                },
                {
                    "Name": "Grill",
                    "SeoName": "grill"
                }
            ],
            "OpeningTime": "0001-01-01T00:00:00Z",
            "DriveDistance": 2.2,
            "DriveInfoCalculated": true,
            "DeliveryCost": 0,
            "MinimumDeliveryValue": 15,
            "IsNew": false,
            "RatingDetails": {
                "Count": 49,
                "StarRating": 4.5
            },
            "OfferPercent": 20
        },
        {
            "Id": 23573,
            "Name": "Handmade Sushi (est 1982)",
            "Address": {
                "FirstLine": "339 Euston Road",
                "City": "Regents Park",
                "Postcode": "NW1 3AD",
                "Latitude": 51.52435,
                "Longitude": -0.139657
            },
            "DefaultDisplayRank": 39,
            "SeoName": "handmadesushi-nw1",
            "LogoUrl": "http://d30v2pzvrfyzpo.cloudfront.net/uk/images/restaurants/23573.gif",
            "IsCollection": true,
            "IsDelivery": true,
            "Cuisines": [
                {
                    "Name": "Sushi",
                    "SeoName": "sushi"
                },
                {
                    "Name": "Japanese",
                    "SeoName": "japanese"
                }
            ],
            "OpeningTime": "0001-01-01T00:00:00Z",
            "DriveDistance": 2.7,
            "DriveInfoCalculated": true,
            "DeliveryCost": 0,
            "MinimumDeliveryValue": 38,
            "IsNew": false,
            "RatingDetails": {
                "Count": 840,
                "StarRating": 4.5
            },
            "OfferPercent": 0
        },
        {
            "Id": 41731,
            "Name": "Cafe Don Quixote",
            "Address": {
                "FirstLine": "101 Kingsway",
                "City": "London",
                "Postcode": "WC2B 6QU",
                "Latitude": 51.516386,
                "Longitude": -0.120106
            },
            "DefaultDisplayRank": 40,
            "SeoName": "cafedonquixote-wc2b",
            "LogoUrl": "http://d30v2pzvrfyzpo.cloudfront.net/uk/images/restaurants/41731.gif",
            "IsCollection": true,
            "IsDelivery": false,
            "Cuisines": [
                {
                    "Name": "Italian",
                    "SeoName": "italian"
                }
            ],
            "OpeningTime": "0001-01-01T00:00:00Z",
            "DriveDistance": 1.1,
            "DriveInfoCalculated": true,
            "DeliveryCost": 0,
            "MinimumDeliveryValue": 0,
            "IsNew": false,
            "RatingDetails": {
                "Count": 1,
                "StarRating": 6
            },
            "OfferPercent": 0
        },
        {
            "Id": 20670,
            "Name": "Flying Fish Sushi",
            "Address": {
                "FirstLine": "85 Scoresby Street",
                "City": "London",
                "Postcode": "SE1 0XN",
                "Latitude": 51.504278,
                "Longitude": -0.103645
            },
            "DefaultDisplayRank": 41,
            "SeoName": "flying-fish-sushi-se1",
            "LogoUrl": "http://d30v2pzvrfyzpo.cloudfront.net/uk/images/restaurants/20670.gif",
            "IsCollection": true,
            "IsDelivery": true,
            "Cuisines": [
                {
                    "Name": "Sushi",
                    "SeoName": "sushi"
                },
                {
                    "Name": "Japanese",
                    "SeoName": "japanese"
                }
            ],
            "OpeningTime": "0001-01-01T00:00:00Z",
            "DriveDistance": 2,
            "DriveInfoCalculated": true,
            "DeliveryCost": 0,
            "MinimumDeliveryValue": 0,
            "IsNew": false,
            "RatingDetails": {
                "Count": 58,
                "StarRating": 4.5
            },
            "OfferPercent": 0
        },
        {
            "Id": 20694,
            "Name": "Poppy Hana",
            "Address": {
                "FirstLine": "168 Jamaica Road",
                "City": "London",
                "Postcode": "SE16 4RT",
                "Latitude": 51.498216,
                "Longitude": -0.062331
            },
            "DefaultDisplayRank": 42,
            "SeoName": "poppyhana-se16",
            "LogoUrl": "http://d30v2pzvrfyzpo.cloudfront.net/uk/images/restaurants/20694.gif",
            "IsCollection": true,
            "IsDelivery": false,
            "Cuisines": [
                {
                    "Name": "Japanese",
                    "SeoName": "japanese"
                },
                {
                    "Name": "Sushi",
                    "SeoName": "sushi"
                }
            ],
            "OpeningTime": "2015-07-13T15:45:00Z",
            "DriveDistance": 3.4,
            "DriveInfoCalculated": true,
            "DeliveryCost": 0,
            "MinimumDeliveryValue": 15,
            "IsNew": false,
            "RatingDetails": {
                "Count": 878,
                "StarRating": 5
            },
            "OfferPercent": 0
        },
        {
            "Id": 41764,
            "Name": "Ninja Sushi",
            "Address": {
                "FirstLine": "17 Morland Richmond Road",
                "City": "London",
                "Postcode": "E8 3EY",
                "Latitude": 51.542776,
                "Longitude": -0.062429
            },
            "DefaultDisplayRank": 43,
            "SeoName": "ninjasushi-e8",
            "LogoUrl": "http://d30v2pzvrfyzpo.cloudfront.net/uk/images/restaurants/41764.gif",
            "IsCollection": true,
            "IsDelivery": true,
            "Cuisines": [
                {
                    "Name": "Sushi",
                    "SeoName": "sushi"
                },
                {
                    "Name": "Japanese",
                    "SeoName": "japanese"
                }
            ],
            "OpeningTime": "0001-01-01T00:00:00Z",
            "DriveDistance": 3.5,
            "DriveInfoCalculated": true,
            "DeliveryCost": 0,
            "MinimumDeliveryValue": 14,
            "IsNew": false,
            "RatingDetails": {
                "Count": 316,
                "StarRating": 5
            },
            "OfferPercent": 0
        },
        {
            "Id": 31691,
            "Name": "Limetree",
            "Address": {
                "FirstLine": "550 Kingsland Road",
                "City": "London",
                "Postcode": "E8 4AH",
                "Latitude": 51.545212,
                "Longitude": -0.075522
            },
            "DefaultDisplayRank": 44,
            "SeoName": "limetree-e8",
            "LogoUrl": "http://d30v2pzvrfyzpo.cloudfront.net/uk/images/restaurants/31691.gif",
            "IsCollection": true,
            "IsDelivery": true,
            "Cuisines": [
                {
                    "Name": "Indian",
                    "SeoName": "indian"
                },
                {
                    "Name": "Bangladeshi",
                    "SeoName": "bangladeshi"
                }
            ],
            "OpeningTime": "0001-01-01T00:00:00Z",
            "DriveDistance": 3.5,
            "DriveInfoCalculated": true,
            "DeliveryCost": 0,
            "MinimumDeliveryValue": 9,
            "IsNew": false,
            "RatingDetails": {
                "Count": 931,
                "StarRating": 5
            },
            "OfferPercent": 20
        },
        {
            "Id": 1254,
            "Name": "Papa John's Hoxton & City N1",
            "Address": {
                "FirstLine": "202 Hoxton Street, Hoxton and City",
                "City": "London",
                "Postcode": "N1 5LH",
                "Latitude": 51.533396,
                "Longitude": -0.079913
            },
            "DefaultDisplayRank": 45,
            "SeoName": "papajohnshoxton",
            "LogoUrl": "http://d30v2pzvrfyzpo.cloudfront.net/uk/images/restaurants/1254.gif",
            "IsCollection": true,
            "IsDelivery": true,
            "Cuisines": [
                {
                    "Name": "American",
                    "SeoName": "american"
                },
                {
                    "Name": "Pizza",
                    "SeoName": "pizza"
                }
            ],
            "OpeningTime": "2015-07-13T16:00:00Z",
            "DriveDistance": 2,
            "DriveInfoCalculated": true,
            "DeliveryCost": 0,
            "MinimumDeliveryValue": 15,
            "IsNew": false,
            "RatingDetails": {
                "Count": 168,
                "StarRating": 4.5
            },
            "OfferPercent": 0
        },
        {
            "Id": 37471,
            "Name": "Hoi An",
            "Address": {
                "FirstLine": "48 Hanbury Street",
                "City": "London",
                "Postcode": "E1 5JL",
                "Latitude": 51.520184,
                "Longitude": -0.070999
            },
            "DefaultDisplayRank": 46,
            "SeoName": "hoian-e1",
            "LogoUrl": "http://d30v2pzvrfyzpo.cloudfront.net/uk/images/restaurants/37471.gif",
            "IsCollection": true,
            "IsDelivery": false,
            "Cuisines": [
                {
                    "Name": "Vietnamese",
                    "SeoName": "vietnamese"
                }
            ],
            "OpeningTime": "2015-07-13T16:00:00Z",
            "DriveDistance": 2.2,
            "DriveInfoCalculated": true,
            "DeliveryCost": 0,
            "MinimumDeliveryValue": 15,
            "IsNew": false,
            "RatingDetails": {
                "Count": 87,
                "StarRating": 4
            },
            "OfferPercent": 0
        },
        {
            "Id": 14419,
            "Name": "Mayva Oriental Cuisine",
            "Address": {
                "FirstLine": "149 Holloway Road",
                "City": "London",
                "Postcode": "N7 8LX",
                "Latitude": 51.531711,
                "Longitude": -0.111848
            },
            "DefaultDisplayRank": 47,
            "SeoName": "mayvaorientalcuisine",
            "LogoUrl": "http://d30v2pzvrfyzpo.cloudfront.net/uk/images/restaurants/14419.gif",
            "IsCollection": true,
            "IsDelivery": true,
            "Cuisines": [
                {
                    "Name": "Chinese",
                    "SeoName": "chinese"
                }
            ],
            "OpeningTime": "0001-01-01T00:00:00Z",
            "DriveDistance": 3.3,
            "DriveInfoCalculated": true,
            "DeliveryCost": 0,
            "MinimumDeliveryValue": 15,
            "IsNew": false,
            "RatingDetails": {
                "Count": 90,
                "StarRating": 3.5
            },
            "OfferPercent": 20
        },
        {
            "Id": 38540,
            "Name": "Elite Peri Peri",
            "Address": {
                "FirstLine": "170 Jamaica Road",
                "City": "London",
                "Postcode": "SE16 4RT",
                "Latitude": 51.498216,
                "Longitude": -0.062331
            },
            "DefaultDisplayRank": 48,
            "SeoName": "eliteperiperi-se16",
            "LogoUrl": "http://d30v2pzvrfyzpo.cloudfront.net/uk/images/restaurants/38540.gif",
            "IsCollection": true,
            "IsDelivery": true,
            "Cuisines": [
                {
                    "Name": "Peri Peri",
                    "SeoName": "peri-peri"
                },
                {
                    "Name": "Chicken",
                    "SeoName": "chicken"
                }
            ],
            "OpeningTime": "0001-01-01T00:00:00Z",
            "DriveDistance": 3.4,
            "DriveInfoCalculated": true,
            "DeliveryCost": 0,
            "MinimumDeliveryValue": 12,
            "IsNew": false,
            "RatingDetails": {
                "Count": 213,
                "StarRating": 5
            },
            "OfferPercent": 0
        },
        {
            "Id": 2067,
            "Name": "Shikara",
            "Address": {
                "FirstLine": "65 Great Titchfield Street",
                "City": "London",
                "Postcode": "W1W 7PS",
                "Latitude": 51.518876,
                "Longitude": -0.140947
            },
            "DefaultDisplayRank": 49,
            "SeoName": "shikara-w1",
            "LogoUrl": "http://d30v2pzvrfyzpo.cloudfront.net/uk/images/restaurants/2067.gif",
            "IsCollection": false,
            "IsDelivery": true,
            "Cuisines": [
                {
                    "Name": "Indian",
                    "SeoName": "indian"
                }
            ],
            "OpeningTime": "0001-01-01T00:00:00Z",
            "DriveDistance": 2.5,
            "DriveInfoCalculated": true,
            "DeliveryCost": 0,
            "MinimumDeliveryValue": 12,
            "IsNew": false,
            "RatingDetails": {
                "Count": 435,
                "StarRating": 4.5
            },
            "OfferPercent": 20
        },
        {
            "Id": 28143,
            "Name": "Wrap It Up",
            "Address": {
                "FirstLine": "233 Strand",
                "City": "London",
                "Postcode": "WC2R 1DA",
                "Latitude": 51.51345,
                "Longitude": -0.112012
            },
            "DefaultDisplayRank": 50,
            "SeoName": "wrap-it-up-wc2r",
            "LogoUrl": "http://d30v2pzvrfyzpo.cloudfront.net/uk/images/restaurants/28143.gif",
            "IsCollection": true,
            "IsDelivery": false,
            "Cuisines": [
                {
                    "Name": "Mexican",
                    "SeoName": "mexican"
                }
            ],
            "OpeningTime": "2015-07-13T17:00:00Z",
            "DriveDistance": 0.9,
            "DriveInfoCalculated": true,
            "DeliveryCost": 0,
            "MinimumDeliveryValue": 15,
            "IsNew": false,
            "RatingDetails": {
                "Count": 16,
                "StarRating": 4
            },
            "OfferPercent": 0
        },
        {
            "Id": 48080,
            "Name": "Jasmine Garden SE1",
            "Address": {
                "FirstLine": "33 Bartholomew Street",
                "City": "South East London",
                "Postcode": "SE1 4AL",
                "Latitude": 51.495328,
                "Longitude": -0.088011
            },
            "DefaultDisplayRank": 51,
            "SeoName": "jasmine-garden-se1",
            "LogoUrl": "http://d30v2pzvrfyzpo.cloudfront.net/uk/images/restaurants/48080.gif",
            "IsCollection": true,
            "IsDelivery": true,
            "Cuisines": [
                {
                    "Name": "Chinese",
                    "SeoName": "chinese"
                },
                {
                    "Name": "Thai",
                    "SeoName": "thai"
                }
            ],
            "OpeningTime": "0001-01-01T00:00:00Z",
            "DriveDistance": 2,
            "DriveInfoCalculated": true,
            "DeliveryCost": 0,
            "MinimumDeliveryValue": 10,
            "IsNew": false,
            "RatingDetails": {
                "Count": 113,
                "StarRating": 3.5
            },
            "OfferPercent": 0
        },
        {
            "Id": 206,
            "Name": "City Pizza",
            "Address": {
                "FirstLine": "149 Holloway Road",
                "City": "London",
                "Postcode": "N7 8LX",
                "Latitude": 51.549583,
                "Longitude": -0.108682
            },
            "DefaultDisplayRank": 52,
            "SeoName": "citypizza",
            "LogoUrl": "http://d30v2pzvrfyzpo.cloudfront.net/uk/images/restaurants/206.gif",
            "IsCollection": true,
            "IsDelivery": true,
            "Cuisines": [
                {
                    "Name": "Pizza",
                    "SeoName": "pizza"
                },
                {
                    "Name": "Burgers",
                    "SeoName": "burgers"
                }
            ],
            "OpeningTime": "0001-01-01T00:00:00Z",
            "DriveDistance": 3.3,
            "DriveInfoCalculated": true,
            "DeliveryCost": 0,
            "MinimumDeliveryValue": 10,
            "IsNew": false,
            "RatingDetails": {
                "Count": 327,
                "StarRating": 4.5
            },
            "OfferPercent": 0
        },
        {
            "Id": 17015,
            "Name": "Curry Capital",
            "Address": {
                "FirstLine": "204 Brick Lane",
                "City": "London",
                "Postcode": "E1 6SA",
                "Latitude": 51.524155,
                "Longitude": -0.071364
            },
            "DefaultDisplayRank": 53,
            "SeoName": "currycapitale1",
            "LogoUrl": "http://d30v2pzvrfyzpo.cloudfront.net/uk/images/restaurants/17015.gif",
            "IsCollection": true,
            "IsDelivery": true,
            "Cuisines": [
                {
                    "Name": "Indian",
                    "SeoName": "indian"
                }
            ],
            "OpeningTime": "0001-01-01T00:00:00Z",
            "DriveDistance": 2.2,
            "DriveInfoCalculated": true,
            "DeliveryCost": 0,
            "MinimumDeliveryValue": 10,
            "IsNew": false,
            "RatingDetails": {
                "Count": 5,
                "StarRating": 4
            },
            "OfferPercent": 20
        },
        {
            "Id": 44831,
            "Name": "Noura Restaurant",
            "Address": {
                "FirstLine": "16 Hobart Place",
                "City": "London",
                "Postcode": "SW1W 0HH",
                "Latitude": 51.498263,
                "Longitude": -0.148183
            },
            "DefaultDisplayRank": 54,
            "SeoName": "noura-sw1w",
            "LogoUrl": "http://d30v2pzvrfyzpo.cloudfront.net/uk/images/restaurants/44831.gif",
            "IsCollection": true,
            "IsDelivery": true,
            "Cuisines": [
                {
                    "Name": "Lebanese",
                    "SeoName": "lebanese"
                },
                {
                    "Name": "Middle Eastern",
                    "SeoName": "middle-eastern"
                }
            ],
            "OpeningTime": "0001-01-01T00:00:00Z",
            "DriveDistance": 3.1,
            "DriveInfoCalculated": true,
            "DeliveryCost": 0,
            "MinimumDeliveryValue": 70,
            "IsNew": false,
            "RatingDetails": {
                "Count": 20,
                "StarRating": 5
            },
            "OfferPercent": 0
        },
        {
            "Id": 42727,
            "Name": "Go Chisou",
            "Address": {
                "FirstLine": "3 Princes Street",
                "City": "London",
                "Postcode": "W1B 2LE",
                "Latitude": 51.514686,
                "Longitude": -0.142688
            },
            "DefaultDisplayRank": 55,
            "SeoName": "gochisou-w1b",
            "LogoUrl": "http://d30v2pzvrfyzpo.cloudfront.net/uk/images/restaurants/42727.gif",
            "IsCollection": true,
            "IsDelivery": false,
            "Cuisines": [
                {
                    "Name": "Japanese",
                    "SeoName": "japanese"
                },
                {
                    "Name": "Sushi",
                    "SeoName": "sushi"
                }
            ],
            "OpeningTime": "0001-01-01T00:00:00Z",
            "DriveDistance": 2.3,
            "DriveInfoCalculated": true,
            "DeliveryCost": 0,
            "MinimumDeliveryValue": 0,
            "IsNew": false,
            "RatingDetails": {
                "Count": 15,
                "StarRating": 4.5
            },
            "OfferPercent": 0
        },
        {
            "Id": 38298,
            "Name": "Swift Pizza & Kebab House",
            "Address": {
                "FirstLine": "479 Cambridge Heath Road",
                "City": "London",
                "Postcode": "E2 9BU",
                "Latitude": 51.533414,
                "Longitude": -0.05752
            },
            "DefaultDisplayRank": 56,
            "SeoName": "swiftkebabhouse-e2",
            "LogoUrl": "http://d30v2pzvrfyzpo.cloudfront.net/uk/images/restaurants/38298.gif",
            "IsCollection": true,
            "IsDelivery": true,
            "Cuisines": [
                {
                    "Name": "Kebab",
                    "SeoName": "kebabs"
                }
            ],
            "OpeningTime": "0001-01-01T00:00:00Z",
            "DriveDistance": 2.6,
            "DriveInfoCalculated": true,
            "DeliveryCost": 0,
            "MinimumDeliveryValue": 10,
            "IsNew": false,
            "RatingDetails": {
                "Count": 166,
                "StarRating": 4
            },
            "OfferPercent": 20
        },
        {
            "Id": 36885,
            "Name": "Handmade Sushi (Covent Garden)",
            "Address": {
                "FirstLine": "43 Endell Street, Covent Garden, Westminster",
                "City": "London",
                "Postcode": "WC2H 9BA",
                "Latitude": 51.514521,
                "Longitude": -0.124922
            },
            "DefaultDisplayRank": 57,
            "SeoName": "home-made-sushi-wc2h",
            "LogoUrl": "http://d30v2pzvrfyzpo.cloudfront.net/uk/images/restaurants/36885.gif",
            "IsCollection": true,
            "IsDelivery": true,
            "Cuisines": [
                {
                    "Name": "Sushi",
                    "SeoName": "sushi"
                },
                {
                    "Name": "Japanese",
                    "SeoName": "japanese"
                }
            ],
            "OpeningTime": "0001-01-01T00:00:00Z",
            "DriveDistance": 1.6,
            "DriveInfoCalculated": true,
            "DeliveryCost": 0,
            "MinimumDeliveryValue": 35,
            "IsNew": false,
            "RatingDetails": {
                "Count": 31,
                "StarRating": 4
            },
            "OfferPercent": 0
        },
        {
            "Id": 103,
            "Name": "Pizza Pizza",
            "Address": {
                "FirstLine": "479 Cambridge Heath Road",
                "City": "Tower Hamlets",
                "Postcode": "E2 9BU",
                "Latitude": 51.533414,
                "Longitude": -0.05752
            },
            "DefaultDisplayRank": 58,
            "SeoName": "pizzapizza",
            "LogoUrl": "http://d30v2pzvrfyzpo.cloudfront.net/uk/images/restaurants/103.gif",
            "IsCollection": true,
            "IsDelivery": true,
            "Cuisines": [
                {
                    "Name": "Italian",
                    "SeoName": "italian"
                },
                {
                    "Name": "Pizza",
                    "SeoName": "pizza"
                }
            ],
            "OpeningTime": "2015-07-13T16:00:00Z",
            "DriveDistance": 2.6,
            "DriveInfoCalculated": true,
            "DeliveryCost": 0,
            "MinimumDeliveryValue": 8,
            "IsNew": false,
            "RatingDetails": {
                "Count": 594,
                "StarRating": 4
            },
            "OfferPercent": 0
        },
        {
            "Id": 530,
            "Name": "Pizza Go Go SE16",
            "Address": {
                "FirstLine": "69 Southwark Park Road",
                "City": "London",
                "Postcode": "SE16 3TY",
                "Latitude": 51.492908,
                "Longitude": -0.070378
            },
            "DefaultDisplayRank": 59,
            "SeoName": "pizzagogose16",
            "LogoUrl": "http://d30v2pzvrfyzpo.cloudfront.net/uk/images/restaurants/530.gif",
            "IsCollection": true,
            "IsDelivery": true,
            "Cuisines": [
                {
                    "Name": "Italian",
                    "SeoName": "italian"
                },
                {
                    "Name": "Pizza",
                    "SeoName": "pizza"
                }
            ],
            "OpeningTime": "0001-01-01T00:00:00Z",
            "DriveDistance": 3.4,
            "DriveInfoCalculated": true,
            "DeliveryCost": 0,
            "MinimumDeliveryValue": 7,
            "IsNew": false,
            "RatingDetails": {
                "Count": 601,
                "StarRating": 4.5
            },
            "OfferPercent": 20
        },
        {
            "Id": 37744,
            "Name": "Aldwych Cafe",
            "Address": {
                "FirstLine": "47 Aldwych",
                "City": "London",
                "Postcode": "WC2B 4DR",
                "Latitude": 51.512642,
                "Longitude": -0.119367
            },
            "DefaultDisplayRank": 60,
            "SeoName": "aldwychcafe-wc2b",
            "LogoUrl": "http://d30v2pzvrfyzpo.cloudfront.net/uk/images/restaurants/37744.gif",
            "IsCollection": true,
            "IsDelivery": false,
            "Cuisines": [
                {
                    "Name": "Sandwiches",
                    "SeoName": "sandwiches"
                },
                {
                    "Name": "Cakes",
                    "SeoName": "cakes"
                }
            ],
            "OpeningTime": "0001-01-01T00:00:00Z",
            "DriveDistance": 1.1,
            "DriveInfoCalculated": true,
            "DeliveryCost": 0,
            "MinimumDeliveryValue": 0,
            "IsNew": false,
            "RatingDetails": {
                "Count": 1,
                "StarRating": 5
            },
            "OfferPercent": 0
        },
        {
            "Id": 35730,
            "Name": "Bon Appetit",
            "Address": {
                "FirstLine": "133 Leaman Street",
                "City": "London",
                "Postcode": "E1 8EY",
                "Latitude": 51.511712,
                "Longitude": -0.068763
            },
            "DefaultDisplayRank": 61,
            "SeoName": "Bonappetit-e1",
            "LogoUrl": "http://d30v2pzvrfyzpo.cloudfront.net/uk/images/restaurants/35730.gif",
            "IsCollection": true,
            "IsDelivery": true,
            "Cuisines": [
                {
                    "Name": "Lebanese",
                    "SeoName": "lebanese"
                }
            ],
            "OpeningTime": "0001-01-01T00:00:00Z",
            "DriveDistance": 2.2,
            "DriveInfoCalculated": true,
            "DeliveryCost": 0,
            "MinimumDeliveryValue": 14.5,
            "IsNew": false,
            "RatingDetails": {
                "Count": 22,
                "StarRating": 4
            },
            "OfferPercent": 0
        },
        {
            "Id": 48081,
            "Name": "Red Planet Pizza SE1",
            "Address": {
                "FirstLine": "33 Bartholomew Street",
                "City": "South East London",
                "Postcode": "SE1 4AL",
                "Latitude": 51.495328,
                "Longitude": -0.088011
            },
            "DefaultDisplayRank": 62,
            "SeoName": "red-planet-pizza-se1",
            "LogoUrl": "http://d30v2pzvrfyzpo.cloudfront.net/uk/images/restaurants/48081.gif",
            "IsCollection": true,
            "IsDelivery": true,
            "Cuisines": [
                {
                    "Name": "Pizza",
                    "SeoName": "pizza"
                },
                {
                    "Name": "Italian",
                    "SeoName": "italian"
                }
            ],
            "OpeningTime": "0001-01-01T00:00:00Z",
            "DriveDistance": 2,
            "DriveInfoCalculated": true,
            "DeliveryCost": 0,
            "MinimumDeliveryValue": 10,
            "IsNew": false,
            "RatingDetails": {
                "Count": 8,
                "StarRating": 3.5
            },
            "OfferPercent": 0
        },
        {
            "Id": 42316,
            "Name": "H Chicken & Grill",
            "Address": {
                "FirstLine": "89 Long Lane",
                "City": "London",
                "Postcode": "SE1 4PH",
                "Latitude": 51.500757,
                "Longitude": -0.088936
            },
            "DefaultDisplayRank": 63,
            "SeoName": "h-chickenandgrill-se1",
            "LogoUrl": "http://d30v2pzvrfyzpo.cloudfront.net/uk/images/restaurants/42316.gif",
            "IsCollection": true,
            "IsDelivery": true,
            "Cuisines": [
                {
                    "Name": "Kebab",
                    "SeoName": "kebabs"
                },
                {
                    "Name": "Chicken",
                    "SeoName": "chicken"
                }
            ],
            "OpeningTime": "0001-01-01T00:00:00Z",
            "DriveDistance": 2,
            "DriveInfoCalculated": true,
            "DeliveryCost": 0,
            "MinimumDeliveryValue": 10,
            "IsNew": false,
            "RatingDetails": {
                "Count": 22,
                "StarRating": 3.5
            },
            "OfferPercent": 0
        },
        {
            "Id": 5943,
            "Name": "Sizzling Bombay",
            "Address": {
                "FirstLine": "132 Drummond Street",
                "City": "Regents Park",
                "Postcode": "NW1 2PA",
                "Latitude": 51.526769,
                "Longitude": -0.137944
            },
            "DefaultDisplayRank": 64,
            "SeoName": "sizzling-bombay",
            "LogoUrl": "http://d30v2pzvrfyzpo.cloudfront.net/uk/images/restaurants/5943.gif",
            "IsCollection": true,
            "IsDelivery": false,
            "Cuisines": [
                {
                    "Name": "Indian",
                    "SeoName": "indian"
                }
            ],
            "OpeningTime": "2015-07-13T17:00:00Z",
            "DriveDistance": 2.7,
            "DriveInfoCalculated": true,
            "DeliveryCost": 0,
            "MinimumDeliveryValue": 15,
            "IsNew": false,
            "RatingDetails": {
                "Count": 54,
                "StarRating": 4.5
            },
            "OfferPercent": 0
        },
        {
            "Id": 51424,
            "Name": "Mas Q Menos City",
            "Address": {
                "FirstLine": "70 Mark Lane",
                "City": "London",
                "Postcode": "EC3R 7LQ",
                "Latitude": 51.511443,
                "Longitude": -0.079799
            },
            "DefaultDisplayRank": 65,
            "SeoName": "mas-q-menos-city-london",
            "LogoUrl": "http://d30v2pzvrfyzpo.cloudfront.net/uk/images/restaurants/51424.gif",
            "IsCollection": true,
            "IsDelivery": false,
            "Cuisines": [
                {
                    "Name": "Spanish",
                    "SeoName": "spanish"
                },
                {
                    "Name": "Tapas",
                    "SeoName": "tapas"
                }
            ],
            "OpeningTime": "0001-01-01T00:00:00Z",
            "DriveDistance": 1,
            "DriveInfoCalculated": true,
            "DeliveryCost": 0,
            "MinimumDeliveryValue": 0,
            "IsNew": false,
            "RatingDetails": {
                "Count": 0,
                "StarRating": 0
            },
            "OfferPercent": 0
        },
        {
            "Id": 3861,
            "Name": "Pizza Hotline",
            "Address": {
                "FirstLine": "157 Dulwich Road Herne Hill",
                "City": "Dulwich",
                "Postcode": "SE24 0NG",
                "Latitude": 51.452776,
                "Longitude": -0.103002
            },
            "DefaultDisplayRank": 66,
            "SeoName": "pizza-hotline",
            "LogoUrl": "http://d30v2pzvrfyzpo.cloudfront.net/uk/images/restaurants/3861.gif",
            "IsCollection": true,
            "IsDelivery": true,
            "Cuisines": [
                {
                    "Name": "Pizza",
                    "SeoName": "pizza"
                },
                {
                    "Name": "Italian",
                    "SeoName": "italian"
                }
            ],
            "OpeningTime": "0001-01-01T00:00:00Z",
            "DriveDistance": 5.2,
            "DriveInfoCalculated": true,
            "DeliveryCost": 5,
            "MinimumDeliveryValue": 20,
            "IsNew": false,
            "RatingDetails": {
                "Count": 263,
                "StarRating": 5
            },
            "OfferPercent": 0
        },
        {
            "Id": 44674,
            "Name": "Nanis",
            "Address": {
                "FirstLine": "134 Great Portland Street",
                "City": "London",
                "Postcode": "W1W 6PX",
                "Latitude": 51.520052,
                "Longitude": -0.142499
            },
            "DefaultDisplayRank": 67,
            "SeoName": "nanis-w1w",
            "LogoUrl": "http://d30v2pzvrfyzpo.cloudfront.net/uk/images/restaurants/44674.gif",
            "IsCollection": true,
            "IsDelivery": true,
            "Cuisines": [
                {
                    "Name": "Breakfast",
                    "SeoName": "breakfast"
                },
                {
                    "Name": "Sandwiches",
                    "SeoName": "sandwiches"
                }
            ],
            "OpeningTime": "0001-01-01T00:00:00Z",
            "DriveDistance": 2.5,
            "DriveInfoCalculated": true,
            "DeliveryCost": 0,
            "MinimumDeliveryValue": 20,
            "IsNew": false,
            "RatingDetails": {
                "Count": 32,
                "StarRating": 4
            },
            "OfferPercent": 0
        },
        {
            "Id": 11054,
            "Name": "Barbican Express Indian",
            "Address": {
                "FirstLine": "131 Whitecross Street",
                "City": "London",
                "Postcode": "EC1Y 8JL",
                "Latitude": 51.523291,
                "Longitude": -0.093269
            },
            "DefaultDisplayRank": 68,
            "SeoName": "barbicanexpress",
            "LogoUrl": "http://d30v2pzvrfyzpo.cloudfront.net/uk/images/restaurants/11054.gif",
            "IsCollection": true,
            "IsDelivery": true,
            "Cuisines": [
                {
                    "Name": "Indian",
                    "SeoName": "indian"
                }
            ],
            "OpeningTime": "0001-01-01T00:00:00Z",
            "DriveDistance": 1.2,
            "DriveInfoCalculated": true,
            "DeliveryCost": 0,
            "MinimumDeliveryValue": 10,
            "IsNew": false,
            "RatingDetails": {
                "Count": 71,
                "StarRating": 4
            },
            "OfferPercent": 0
        },
        {
            "Id": 42742,
            "Name": "My Lunch Box - Collection Only",
            "Address": {
                "FirstLine": "6 Minories",
                "City": "London",
                "Postcode": "EC3N 1BJ",
                "Latitude": 51.513597,
                "Longitude": -0.075658
            },
            "DefaultDisplayRank": 69,
            "SeoName": "mylunchbox-ec3n",
            "LogoUrl": "http://d30v2pzvrfyzpo.cloudfront.net/uk/images/restaurants/42742.gif",
            "IsCollection": true,
            "IsDelivery": false,
            "Cuisines": [
                {
                    "Name": "Healthy",
                    "SeoName": "healthy"
                },
                {
                    "Name": "Sandwiches",
                    "SeoName": "sandwiches"
                }
            ],
            "OpeningTime": "0001-01-01T00:00:00Z",
            "DriveDistance": 1.3,
            "DriveInfoCalculated": true,
            "DeliveryCost": 0,
            "MinimumDeliveryValue": 0,
            "IsNew": false,
            "RatingDetails": {
                "Count": 0,
                "StarRating": 0
            },
            "OfferPercent": 0
        },
        {
            "Id": 51042,
            "Name": "Runners Pizza",
            "Address": {
                "FirstLine": "161 New Kent Road",
                "City": "LONDON",
                "Postcode": "SE1 4AG",
                "Latitude": 51.494325,
                "Longitude": -0.09213
            },
            "DefaultDisplayRank": 70,
            "SeoName": "runners-pizza-southwark",
            "LogoUrl": "http://d30v2pzvrfyzpo.cloudfront.net/uk/images/restaurants/51042.gif",
            "IsCollection": true,
            "IsDelivery": false,
            "Cuisines": [
                {
                    "Name": "Pizza",
                    "SeoName": "pizza"
                },
                {
                    "Name": "Chicken",
                    "SeoName": "chicken"
                }
            ],
            "OpeningTime": "0001-01-01T00:00:00Z",
            "DriveDistance": 2,
            "DriveInfoCalculated": true,
            "DeliveryCost": 0,
            "MinimumDeliveryValue": 0,
            "IsNew": false,
            "RatingDetails": {
                "Count": 0,
                "StarRating": 0
            },
            "OfferPercent": 0
        },
        {
            "Id": 38512,
            "Name": "Cafe Mode - Collection Only",
            "Address": {
                "FirstLine": "57 - 59 Endell Street",
                "City": "London",
                "Postcode": "WC2H 9AL",
                "Latitude": null,
                "Longitude": null
            },
            "DefaultDisplayRank": 71,
            "SeoName": "cafemode-wc2h",
            "LogoUrl": "http://d30v2pzvrfyzpo.cloudfront.net/uk/images/restaurants/38512.gif",
            "IsCollection": true,
            "IsDelivery": false,
            "Cuisines": [
                {
                    "Name": "Mediterranean",
                    "SeoName": "mediterranean"
                },
                {
                    "Name": "Italian",
                    "SeoName": "italian"
                }
            ],
            "OpeningTime": "0001-01-01T00:00:00Z",
            "DriveDistance": 1.6,
            "DriveInfoCalculated": true,
            "DeliveryCost": 0,
            "MinimumDeliveryValue": 0,
            "IsNew": false,
            "RatingDetails": {
                "Count": 0,
                "StarRating": 0
            },
            "OfferPercent": 0
        },
        {
            "Id": 41785,
            "Name": "Taro Sushi Noodle Bar",
            "Address": {
                "FirstLine": "61 Brewer Street",
                "City": "London",
                "Postcode": "W1F 9UN",
                "Latitude": 51.511416,
                "Longitude": -0.1355
            },
            "DefaultDisplayRank": 72,
            "SeoName": "tarosushi-w1f",
            "LogoUrl": "http://d30v2pzvrfyzpo.cloudfront.net/uk/images/restaurants/41785.gif",
            "IsCollection": true,
            "IsDelivery": false,
            "Cuisines": [
                {
                    "Name": "Japanese",
                    "SeoName": "japanese"
                },
                {
                    "Name": "Sushi",
                    "SeoName": "sushi"
                }
            ],
            "OpeningTime": "0001-01-01T00:00:00Z",
            "DriveDistance": 2.3,
            "DriveInfoCalculated": true,
            "DeliveryCost": 0,
            "MinimumDeliveryValue": 0,
            "IsNew": false,
            "RatingDetails": {
                "Count": 1,
                "StarRating": 5
            },
            "OfferPercent": 0
        },
        {
            "Id": 47398,
            "Name": "Motown - Collection Only",
            "Address": {
                "FirstLine": "58 Fieldate Street",
                "City": "London",
                "Postcode": "E1 1JN",
                "Latitude": 51.516617,
                "Longitude": -0.064635
            },
            "DefaultDisplayRank": 73,
            "SeoName": "motown-e1",
            "LogoUrl": "http://d30v2pzvrfyzpo.cloudfront.net/uk/images/restaurants/47398.gif",
            "IsCollection": true,
            "IsDelivery": false,
            "Cuisines": [
                {
                    "Name": "Desserts",
                    "SeoName": "desserts"
                },
                {
                    "Name": "Cakes",
                    "SeoName": "cakes"
                }
            ],
            "OpeningTime": "0001-01-01T00:00:00Z",
            "DriveDistance": 2.2,
            "DriveInfoCalculated": true,
            "DeliveryCost": 0,
            "MinimumDeliveryValue": 0,
            "IsNew": false,
            "RatingDetails": {
                "Count": 0,
                "StarRating": 0
            },
            "OfferPercent": 0
        },
        {
            "Id": 45252,
            "Name": "Sajjad Grills & Restaurant",
            "Address": {
                "FirstLine": "83 New Road",
                "City": "London",
                "Postcode": "E1 1HH",
                "Latitude": 51.516692,
                "Longitude": -0.062657
            },
            "DefaultDisplayRank": 74,
            "SeoName": "sajjadgrills-e1",
            "LogoUrl": "http://d30v2pzvrfyzpo.cloudfront.net/uk/images/restaurants/45252.gif",
            "IsCollection": true,
            "IsDelivery": false,
            "Cuisines": [
                {
                    "Name": "Pakistani",
                    "SeoName": "pakistani"
                },
                {
                    "Name": "Curry",
                    "SeoName": "curry"
                }
            ],
            "OpeningTime": "0001-01-01T00:00:00Z",
            "DriveDistance": 2.2,
            "DriveInfoCalculated": true,
            "DeliveryCost": 0,
            "MinimumDeliveryValue": 0,
            "IsNew": false,
            "RatingDetails": {
                "Count": 0,
                "StarRating": 0
            },
            "OfferPercent": 0
        },
        {
            "Id": 45544,
            "Name": "Piadina Pronta",
            "Address": {
                "FirstLine": "Upmarket-Trumans Brewery, Brick Lane",
                "City": "London",
                "Postcode": "E1 6QR",
                "Latitude": 51.520227,
                "Longitude": -0.073087
            },
            "DefaultDisplayRank": 75,
            "SeoName": "piadinapronto-e1",
            "LogoUrl": "http://d30v2pzvrfyzpo.cloudfront.net/uk/images/restaurants/45544.gif",
            "IsCollection": true,
            "IsDelivery": true,
            "Cuisines": [
                {
                    "Name": "Italian",
                    "SeoName": "italian"
                },
                {
                    "Name": "Pizza",
                    "SeoName": "pizza"
                }
            ],
            "OpeningTime": "0001-01-01T00:00:00Z",
            "DriveDistance": 2.2,
            "DriveInfoCalculated": true,
            "DeliveryCost": 0,
            "MinimumDeliveryValue": 10,
            "IsNew": false,
            "RatingDetails": {
                "Count": 0,
                "StarRating": 0
            },
            "OfferPercent": 0
        },
        {
            "Id": 46888,
            "Name": "Damascu Bite - Collection Only",
            "Address": {
                "FirstLine": "119-121 Brick Lane",
                "City": "London",
                "Postcode": "E1 6SE",
                "Latitude": 51.522345,
                "Longitude": -0.071743
            },
            "DefaultDisplayRank": 76,
            "SeoName": "damascubite-e1",
            "LogoUrl": "http://d30v2pzvrfyzpo.cloudfront.net/uk/images/restaurants/46888.gif",
            "IsCollection": true,
            "IsDelivery": false,
            "Cuisines": [
                {
                    "Name": "Lebanese",
                    "SeoName": "lebanese"
                },
                {
                    "Name": "Syrian",
                    "SeoName": "syrian"
                }
            ],
            "OpeningTime": "0001-01-01T00:00:00Z",
            "DriveDistance": 2.2,
            "DriveInfoCalculated": true,
            "DeliveryCost": 0,
            "MinimumDeliveryValue": 0,
            "IsNew": false,
            "RatingDetails": {
                "Count": 0,
                "StarRating": 0
            },
            "OfferPercent": 0
        },
        {
            "Id": 47108,
            "Name": "Govinda's - Collection Only",
            "Address": {
                "FirstLine": "9-10 Soho Street",
                "City": "London",
                "Postcode": "W1D 3DL",
                "Latitude": 51.515869,
                "Longitude": -0.132782
            },
            "DefaultDisplayRank": 77,
            "SeoName": "govindas-w1d",
            "LogoUrl": "http://d30v2pzvrfyzpo.cloudfront.net/uk/images/restaurants/47108.gif",
            "IsCollection": true,
            "IsDelivery": false,
            "Cuisines": [
                {
                    "Name": "Italian",
                    "SeoName": "italian"
                },
                {
                    "Name": "Vegetarian",
                    "SeoName": "vegetarian"
                }
            ],
            "OpeningTime": "0001-01-01T00:00:00Z",
            "DriveDistance": 2,
            "DriveInfoCalculated": true,
            "DeliveryCost": 0,
            "MinimumDeliveryValue": 0,
            "IsNew": false,
            "RatingDetails": {
                "Count": 0,
                "StarRating": 0
            },
            "OfferPercent": 0
        },
        {
            "Id": 44293,
            "Name": "La Polenteria - Collection Only",
            "Address": {
                "FirstLine": "64 Old Compton Street",
                "City": "London",
                "Postcode": "W1D 4UQ",
                "Latitude": 51.512784,
                "Longitude": -0.13275
            },
            "DefaultDisplayRank": 78,
            "SeoName": "lapolenteria-w1d",
            "LogoUrl": "http://d30v2pzvrfyzpo.cloudfront.net/uk/images/restaurants/44293.gif",
            "IsCollection": true,
            "IsDelivery": false,
            "Cuisines": [
                {
                    "Name": "Italian",
                    "SeoName": "italian"
                }
            ],
            "OpeningTime": "0001-01-01T00:00:00Z",
            "DriveDistance": 2,
            "DriveInfoCalculated": true,
            "DeliveryCost": 0,
            "MinimumDeliveryValue": 0,
            "IsNew": false,
            "RatingDetails": {
                "Count": 0,
                "StarRating": 0
            },
            "OfferPercent": 0
        },
        {
            "Id": 27765,
            "Name": "Hoxton Chicken N Pizza",
            "Address": {
                "FirstLine": "94 Hoxton Street",
                "City": "London",
                "Postcode": "N1 6LP",
                "Latitude": 51.530297,
                "Longitude": -0.080116
            },
            "DefaultDisplayRank": 79,
            "SeoName": "hoxtonpizzanchicken-n1",
            "LogoUrl": "http://d30v2pzvrfyzpo.cloudfront.net/uk/images/restaurants/27765.gif",
            "IsCollection": true,
            "IsDelivery": true,
            "Cuisines": [
                {
                    "Name": "Pizza",
                    "SeoName": "pizza"
                }
            ],
            "OpeningTime": "0001-01-01T00:00:00Z",
            "DriveDistance": 2,
            "DriveInfoCalculated": true,
            "DeliveryCost": 0,
            "MinimumDeliveryValue": 10,
            "IsNew": false,
            "RatingDetails": {
                "Count": 5,
                "StarRating": 2
            },
            "OfferPercent": 30
        },
        {
            "Id": 42679,
            "Name": "The Bell House Pub & Restaurant",
            "Address": {
                "FirstLine": "91 Bell Street",
                "City": "London",
                "Postcode": "NW1 6TL",
                "Latitude": 51.522189,
                "Longitude": -0.165692
            },
            "DefaultDisplayRank": 80,
            "SeoName": "thebellhouse-nw1",
            "LogoUrl": "http://d30v2pzvrfyzpo.cloudfront.net/uk/images/restaurants/42679.gif",
            "IsCollection": true,
            "IsDelivery": false,
            "Cuisines": [
                {
                    "Name": "Breakfast",
                    "SeoName": "breakfast"
                },
                {
                    "Name": "Fish & Chips",
                    "SeoName": "fish-and-chips"
                }
            ],
            "OpeningTime": "0001-01-01T00:00:00Z",
            "DriveDistance": 2.7,
            "DriveInfoCalculated": true,
            "DeliveryCost": 0,
            "MinimumDeliveryValue": 0,
            "IsNew": false,
            "RatingDetails": {
                "Count": 0,
                "StarRating": 0
            },
            "OfferPercent": 0
        },
        {
            "Id": 47400,
            "Name": "Motown",
            "Address": {
                "FirstLine": "157 Bethnalgreen Road",
                "City": "London",
                "Postcode": "E2 7DG",
                "Latitude": 51.525392,
                "Longitude": -0.07111
            },
            "DefaultDisplayRank": 81,
            "SeoName": "motown-e2",
            "LogoUrl": "http://d30v2pzvrfyzpo.cloudfront.net/uk/images/restaurants/47400.gif",
            "IsCollection": true,
            "IsDelivery": false,
            "Cuisines": [
                {
                    "Name": "Desserts",
                    "SeoName": "desserts"
                },
                {
                    "Name": "Cakes",
                    "SeoName": "cakes"
                }
            ],
            "OpeningTime": "0001-01-01T00:00:00Z",
            "DriveDistance": 2.6,
            "DriveInfoCalculated": true,
            "DeliveryCost": 0,
            "MinimumDeliveryValue": 0,
            "IsNew": false,
            "RatingDetails": {
                "Count": 0,
                "StarRating": 0
            },
            "OfferPercent": 0
        }
    ]
}
